{
  "format": "indexed",
  "hasBitangents": true,
  "indexCount": 108,
  "indices": [
    0,
    1,
    6,
    1,
    2,
    6,
    2,
    3,
    6,
    3,
    4,
    6,
    4,
    5,
    6,
    5,
    0,
    6,
    7,
    14,
    8,
    8,
    14,
    15,
    8,
    15,
    9,
    9,
    15,
    16,
    9,
    16,
    10,
    10,
    16,
    17,
    10,
    17,
    11,
    11,
    17,
    18,
    11,
    18,
    12,
    12,
    18,
    19,
    12,
    19,
    13,
    13,
    19,
    20,
    14,
    21,
    15,
    15,
    21,
    22,
    15,
    22,
    16,
    16,
    22,
    23,
    16,
    23,
    17,
    17,
    23,
    24,
    17,
    24,
    18,
    18,
    24,
    25,
    18,
    25,
    19,
    19,
    25,
    26,
    19,
    26,
    20,
    20,
    26,
    27,
    29,
    28,
    34,
    30,
    29,
    34,
    31,
    30,
    34,
    32,
    31,
    34,
    33,
    32,
    34,
    28,
    33,
    34
  ],
  "positiveHandedness": true,
  "type": "Cylinder",
  "vertexCount": 35,
  "vertices": [
    {
      "bitangent": [
        0.0,
        0.0,
        -1.0
      ],
      "normal": [
        0.0,
        1.0,
        0.0
      ],
      "position": [
        0.0,
        1.0,
        1.0
      ],
      "tangent": [
        1.0,
        -0.0,
        0.0
      ],
      "texCoord": [
        0.5,
        1.0
      ]
    },
    {
      "bitangent": [
        6.882551417675131e-08,
        0.0,
        -1.0
      ],
      "normal": [
        0.0,
        1.0,
        0.0
      ],
      "position": [
        0.866025447845459,
        1.0,
        0.5000000596046448
      ],
      "tangent": [
        1.0,
        -0.0,
        6.882551417675131e-08
      ],
      "texCoord": [
        0.9330127239227295,
        0.75
      ]
    },
    {
      "bitangent": [
        3.441275353566198e-08,
        0.0,
        -1.0
      ],
      "normal": [
        0.0,
        1.0,
        0.0
      ],
      "position": [
        0.8660253286361694,
        1.0,
        -0.5000001788139343
      ],
      "tangent": [
        1.0,
        -0.0,
        3.441275353566198e-08
      ],
      "texCoord": [
        0.9330126643180847,
        0.24999991059303284
      ]
    },
    {
      "bitangent": [
        0.0,
        0.0,
        -1.0
      ],
      "normal": [
        0.0,
        1.0,
        0.0
      ],
      "position": [
        -8.742277657347586e-08,
        1.0,
        -0.9999999403953552
      ],
      "tangent": [
        1.0,
        -0.0,
        0.0
      ],
      "texCoord": [
        0.4999999701976776,
        2.9802322387695313e-08
      ]
    },
    {
      "bitangent": [
        -1.7206382096901507e-08,
        0.0,
        -1.0
      ],
      "normal": [
        0.0,
        1.0,
        0.0
      ],
      "position": [
        -0.866025447845459,
        1.0,
        -0.4999997615814209
      ],
      "tangent": [
        1.0,
        0.0,
        -1.7206382096901507e-08
      ],
      "texCoord": [
        0.06698727607727051,
        0.25000011920928955
      ]
    },
    {
      "bitangent": [
        -5.161913918527716e-08,
        0.0,
        -1.0
      ],
      "normal": [
        0.0,
        1.0,
        0.0
      ],
      "position": [
        -0.866025447845459,
        1.0,
        0.5000000596046448
      ],
      "tangent": [
        1.0,
        0.0,
        -5.161913918527716e-08
      ],
      "texCoord": [
        0.06698727607727051,
        0.75
      ]
    },
    {
      "bitangent": [
        5.735458330491383e-09,
        0.0,
        -1.0
      ],
      "normal": [
        0.0,
        1.0,
        0.0
      ],
      "position": [
        0.0,
        1.0,
        0.0
      ],
      "tangent": [
        1.0,
        -0.0,
        5.735458330491383e-09
      ],
      "texCoord": [
        0.5,
        0.5
      ]
    },
    {
      "bitangent": [
        -0.0,
        0.866025447845459,
        0.0
      ],
      "normal": [
        0.0,
        0.0,
        1.0
      ],
      "position": [
        0.0,
        1.0,
        1.0
      ],
      "tangent": [
        0.866025447845459,
        0.0,
        -0.0
      ],
      "texCoord": [
        0.0,
        0.0
      ]
    },
    {
      "bitangent": [
        -0.0,
        0.981980562210083,
        0.0
      ],
      "normal": [
        0.866025447845459,
        0.0,
        0.5000000596046448
      ],
      "position": [
        0.866025447845459,
        1.0,
        0.5000000596046448
      ],
      "tangent": [
        0.4909903407096863,
        0.0,
        -0.8504201769828796
      ],
      "texCoord": [
        0.1666666716337204,
        0.0
      ]
    },
    {
      "bitangent": [
        0.0,
        0.9819805026054382,
        0.0
      ],
      "normal": [
        0.8660253286361694,
        0.0,
        -0.5000001788139343
      ],
      "position": [
        0.8660253286361694,
        1.0,
        -0.5000001788139343
      ],
      "tangent": [
        -0.49099043011665344,
        0.0,
        -0.8504199981689453
      ],
      "texCoord": [
        0.3333333432674408,
        0.0
      ]
    },
    {
      "bitangent": [
        0.0,
        0.981980562210083,
        0.0
      ],
      "normal": [
        -8.742278367890322e-08,
        0.0,
        -1.0
      ],
      "position": [
        -8.742277657347586e-08,
        1.0,
        -0.9999999403953552
      ],
      "tangent": [
        -0.981980562210083,
        0.0,
        8.584747490658629e-08
      ],
      "texCoord": [
        0.5,
        0.0
      ]
    },
    {
      "bitangent": [
        0.0,
        0.981980562210083,
        0.0
      ],
      "normal": [
        -0.8660255670547485,
        0.0,
        -0.4999998211860657
      ],
      "position": [
        -0.866025447845459,
        1.0,
        -0.4999997615814209
      ],
      "tangent": [
        -0.4909901022911072,
        0.0,
        0.8504202961921692
      ],
      "texCoord": [
        0.6666666865348816,
        0.0
      ]
    },
    {
      "bitangent": [
        0.0,
        0.981980562210083,
        -0.0
      ],
      "normal": [
        -0.866025447845459,
        0.0,
        0.5000000596046448
      ],
      "position": [
        -0.866025447845459,
        1.0,
        0.5000000596046448
      ],
      "tangent": [
        0.4909903407096863,
        0.0,
        0.8504201769828796
      ],
      "texCoord": [
        0.8333333134651184,
        0.0
      ]
    },
    {
      "bitangent": [
        0.0,
        0.8660255670547485,
        -0.0
      ],
      "normal": [
        -3.019916050561733e-07,
        0.0,
        1.0
      ],
      "position": [
        -3.019916050561733e-07,
        1.0,
        1.0
      ],
      "tangent": [
        0.8660255670547485,
        0.0,
        2.6153244903071027e-07
      ],
      "texCoord": [
        0.9999999403953552,
        0.0
      ]
    },
    {
      "bitangent": [
        -0.0,
        0.866025447845459,
        0.0
      ],
      "normal": [
        0.0,
        0.0,
        1.0
      ],
      "position": [
        0.0,
        0.0,
        1.0
      ],
      "tangent": [
        0.866025447845459,
        0.0,
        -0.0
      ],
      "texCoord": [
        0.0,
        0.5
      ]
    },
    {
      "bitangent": [
        -0.0,
        1.0,
        0.0
      ],
      "normal": [
        0.866025447845459,
        0.0,
        0.5000000596046448
      ],
      "position": [
        0.866025447845459,
        0.0,
        0.5000000596046448
      ],
      "tangent": [
        0.5000000596046448,
        0.0,
        -0.866025447845459
      ],
      "texCoord": [
        0.1666666716337204,
        0.5
      ]
    },
    {
      "bitangent": [
        0.0,
        1.0,
        0.0
      ],
      "normal": [
        0.8660253286361694,
        0.0,
        -0.5000001788139343
      ],
      "position": [
        0.8660253286361694,
        0.0,
        -0.5000001788139343
      ],